Наименование устройства;Идентификационный номер;Тип устройства;Номер телефона;Адрес, где находится устройство
;;Устройство ГЛОНАСС;9379295193;
;;Устройство ГЛОНАСС;9379295204;
;;Устройство ГЛОНАСС;9379295208;
;;Устройство ГЛОНАСС;9379295209;
;;Устройство ГЛОНАСС;9379292435;
;;Устройство ГЛОНАСС;9379292434;
;;Устройство ГЛОНАСС;9379292433;
;;Устройство ГЛОНАСС;9379292436;
;;Устройство ГЛОНАСС;9379295186;
;;Устройство ГЛОНАСС;9379292431;
;;Устройство ГЛОНАСС;9379295187;
;;Устройство ГЛОНАСС;9379295185;
;;Устройство ГЛОНАСС;9379295184;
;;Устройство ГЛОНАСС;9379292429;
;;Устройство ГЛОНАСС;9379292430;
;;Устройство ГЛОНАСС;9379292432;
;;Устройство ГЛОНАСС;9379295183;
;;Устройство ГЛОНАСС;9379292427;
;;Устройство ГЛОНАСС;9379292443;
;;Устройство ГЛОНАСС;9379292428;
;;Устройство ГЛОНАСС;9379292426;
;;Устройство ГЛОНАСС;9379295182;
;;Устройство ГЛОНАСС;9379292425;
;;Устройство ГЛОНАСС;9379292441;
;;Устройство ГЛОНАСС;9379295218;
;;Устройство ГЛОНАСС;9379295210;
;;Устройство ГЛОНАСС;9379292437;
;;Устройство ГЛОНАСС;9379292440;
;;Устройство ГЛОНАСС;9379292439;
;;Устройство ГЛОНАСС;9379295211;
;;Устройство ГЛОНАСС;9379295213;
;;Устройство ГЛОНАСС;9379292438;
;;Устройство ГЛОНАСС;9379295212;
;;Устройство ГЛОНАСС;9379292416;
;;Устройство ГЛОНАСС;9379292294;
;;Устройство ГЛОНАСС;9379292290;
;;Устройство ГЛОНАСС;9379292291;
;;Устройство ГЛОНАСС;9379292293;
;;Устройство ГЛОНАСС;9379292359;
;;Устройство ГЛОНАСС;9379292353;
;;Устройство ГЛОНАСС;9379292354;
;;Устройство ГЛОНАСС;9379292360;
;;Устройство ГЛОНАСС;9379292407;
;;Устройство ГЛОНАСС;9379292406;
;;Устройство ГЛОНАСС;9379292408;
;;Устройство ГЛОНАСС;9379292405;
;;Устройство ГЛОНАСС;9379292365;
;;Устройство ГЛОНАСС;9379292363;
;;Устройство ГЛОНАСС;9379292364;
;;Устройство ГЛОНАСС;9379292362;
;;Устройство ГЛОНАСС;9379292371;
;;Устройство ГЛОНАСС;9379292368;
;;Устройство ГЛОНАСС;9379292369;
;;Устройство ГЛОНАСС;9379292366;
;;Устройство ГЛОНАСС;9379292378;
;;Устройство ГЛОНАСС;9379292373;
;;Устройство ГЛОНАСС;9379292375;
;;Устройство ГЛОНАСС;9379292379;
;;Устройство ГЛОНАСС;9379292395;
;;Устройство ГЛОНАСС;9379292381;
;;Устройство ГЛОНАСС;9379292396;
;;Устройство ГЛОНАСС;9379292380;
;;Устройство ГЛОНАСС;9379292400;
;;Устройство ГЛОНАСС;9379292399;
;;Устройство ГЛОНАСС;9379292398;
;;Устройство ГЛОНАСС;9379292397;
;;Устройство ГЛОНАСС;9379292403;
;;Устройство ГЛОНАСС;9379292402;
;;Устройство ГЛОНАСС;9379292401;
;;Устройство ГЛОНАСС;9379292404;
;;Устройство ГЛОНАСС;9379292414;
;;Устройство ГЛОНАСС;9379292411;
;;Устройство ГЛОНАСС;9379292412;
;;Устройство ГЛОНАСС;9379292409;
;;Устройство ГЛОНАСС;9379292319;
;;Устройство ГЛОНАСС;9379292296;
;;Устройство ГЛОНАСС;9379292295;
;;Устройство ГЛОНАСС;9379292297;
;;Устройство ГЛОНАСС;9379292325;
;;Устройство ГЛОНАСС;9379292335;
;;Устройство ГЛОНАСС;9379292334;
;;Устройство ГЛОНАСС;9379292321;
;;Устройство ГЛОНАСС;9379292337;
;;Устройство ГЛОНАСС;9379292336;
;;Устройство ГЛОНАСС;9379292349;
;;Устройство ГЛОНАСС;9379292351;
;;Устройство ГЛОНАСС;9379292274;
;;Устройство ГЛОНАСС;9379292275;
;;Устройство ГЛОНАСС;9379292278;
;;Устройство ГЛОНАСС;9379292276;
;;Устройство ГЛОНАСС;9379292280;
;;Устройство ГЛОНАСС;9379292279;
;;Устройство ГЛОНАСС;9379292281;
;;Устройство ГЛОНАСС;9379292283;
;;Устройство ГЛОНАСС;9379292284;
;;Устройство ГЛОНАСС;9379292282;
;;Устройство ГЛОНАСС;9379292287;
;;Устройство ГЛОНАСС;9379292286;
;;Устройство ГЛОНАСС;9379292285;
;;Устройство ГЛОНАСС;9379292289;
;;Устройство ГЛОНАСС;9267267322;
;;Устройство ГЛОНАСС;9267259994;
;;Устройство ГЛОНАСС;9267260366;
;;Устройство ГЛОНАСС;9267260429;
;;Устройство ГЛОНАСС;9267260756;
;;Устройство ГЛОНАСС;9267261361;
;;Устройство ГЛОНАСС;9267264188;
;;Устройство ГЛОНАСС;9267267860;
;;Устройство ГЛОНАСС;9267261055;
;;Устройство ГЛОНАСС;9267267857;
;;Устройство ГЛОНАСС;9267260881;
;;Устройство ГЛОНАСС;9267267404;
;;Устройство ГЛОНАСС;9267267164;
;;Устройство ГЛОНАСС;9267259340;
;;Устройство ГЛОНАСС;9267263231;
;;Устройство ГЛОНАСС;9267259345;
;;Устройство ГЛОНАСС;9267262034;
;;Устройство ГЛОНАСС;9267258721;
;;Устройство ГЛОНАСС;9267262229;
;;Устройство ГЛОНАСС;9267263025;
;;Устройство ГЛОНАСС;9267266169;
;;Устройство ГЛОНАСС;9267262731;
;;Устройство ГЛОНАСС;9267259233;
;;Устройство ГЛОНАСС;9267262975;
;;Устройство ГЛОНАСС;9267259127;
;;Устройство ГЛОНАСС;9267263429;
;;Устройство ГЛОНАСС;9267262342;
;;Устройство ГЛОНАСС;9267258657;
;;Устройство ГЛОНАСС;9267265890;
;;Устройство ГЛОНАСС;9267264859;
;;Устройство ГЛОНАСС;9267265860;
;;Устройство ГЛОНАСС;9267266108;
;;Устройство ГЛОНАСС;9267265102;
;;Устройство ГЛОНАСС;9267259996;
;;Устройство ГЛОНАСС;9267259209;
;;Устройство ГЛОНАСС;9267261492;
;;Устройство ГЛОНАСС;9267258933;
;;Устройство ГЛОНАСС;9267267233;
;;Устройство ГЛОНАСС;9267264315;
;;Устройство ГЛОНАСС;9267261916;
;;Устройство ГЛОНАСС;9267263935;
;;Устройство ГЛОНАСС;9267265889;
;;Устройство ГЛОНАСС;9267265614;
;;Устройство ГЛОНАСС;9267263849;
;;Устройство ГЛОНАСС;9267264191;
;;Устройство ГЛОНАСС;9267260374;
;;Устройство ГЛОНАСС;9267262495;
;;Устройство ГЛОНАСС;9267260285;
;;Устройство ГЛОНАСС;9267265531;
;;Устройство ГЛОНАСС;9267263107;
;;Устройство ГЛОНАСС;9267265161;
;;Устройство ГЛОНАСС;9267265295;
;;Устройство ГЛОНАСС;9267262790;
;;Устройство ГЛОНАСС;9267260476;
;;Устройство ГЛОНАСС;9267265394;
;;Устройство ГЛОНАСС;9267264798;
;;Устройство ГЛОНАСС;9267259167;
;;Устройство ГЛОНАСС;9267265002;
;;Устройство ГЛОНАСС;9267262865;
;;Устройство ГЛОНАСС;9267259447;
;;Устройство ГЛОНАСС;9267259814;
;;Устройство ГЛОНАСС;9267260589;
;;Устройство ГЛОНАСС;9267262223;
;;Устройство ГЛОНАСС;9267268479;
;;Устройство ГЛОНАСС;9267267421;
;;Устройство ГЛОНАСС;9267264584;
;;Устройство ГЛОНАСС;9267264017;
;;Устройство ГЛОНАСС;9267262656;
;;Устройство ГЛОНАСС;9267266627;
;;Устройство ГЛОНАСС;9267259226;
;;Устройство ГЛОНАСС;9267259432;
;;Устройство ГЛОНАСС;9267260744;
;;Устройство ГЛОНАСС;9267263067;
;;Устройство ГЛОНАСС;9267266179;
;;Устройство ГЛОНАСС;9267264644;
;;Устройство ГЛОНАСС;9267268563;
;;Устройство ГЛОНАСС;9267267585;
;;Устройство ГЛОНАСС;9267267287;
;;Устройство ГЛОНАСС;9267259652;
;;Устройство ГЛОНАСС;9267266968;
;;Устройство ГЛОНАСС;9267261471;
;;Устройство ГЛОНАСС;9267261602;
;;Устройство ГЛОНАСС;9267268252;
;;Устройство ГЛОНАСС;9267264758;
;;Устройство ГЛОНАСС;9267267385;
;;Устройство ГЛОНАСС;9267268297;
;;Устройство ГЛОНАСС;9267268136;
;;Устройство ГЛОНАСС;9267264935;
;;Устройство ГЛОНАСС;9267263096;
;;Устройство ГЛОНАСС;9267263190;
;;Устройство ГЛОНАСС;9267268066;
;;Устройство ГЛОНАСС;9267267698;
;;Устройство ГЛОНАСС;9267263402;
;;Устройство ГЛОНАСС;9267266834;
;;Устройство ГЛОНАСС;9267261270;
;;Устройство ГЛОНАСС;9267261783;
;;Устройство ГЛОНАСС;9267264989;
;;Устройство ГЛОНАСС;9267267951;
;;Устройство ГЛОНАСС;9267268148;
;;Устройство ГЛОНАСС;9267263830;
